timestamp_proc,cam_id,cam_name,img_timestamp,status,detail
2026-06-04T20:21:42.202939,8209,CAM 5,1780401600,OK,
2026-06-04T20:21:42.417931,8209,CAM 5,1780488000,OK,
2026-06-04T20:21:42.625989,8209,CAM 5,1780574400,OK,
2026-06-04T20:21:42.973387,8210,CAM 6,1780401600,OK,
2026-06-04T20:21:43.125615,8210,CAM 6,1780488000,OK,
2026-06-04T20:21:43.296832,8210,CAM 6,1780574400,OK,
2026-06-04T20:21:43.610031,8211,CAM 4,1780401600,OK,
2026-06-04T20:21:43.819499,8211,CAM 4,1780488000,OK,
2026-06-04T20:21:43.974007,8211,CAM 4,1780574400,OK,
2026-06-04T20:21:44.306015,8212,CAM 3,1780401600,OK,
2026-06-04T20:21:44.520980,8212,CAM 3,1780488000,OK,
2026-06-04T20:21:44.739362,8212,CAM 3,1780574400,OK,
2026-06-04T20:21:44.999740,8213,CAM 1,1780401600,OK,
2026-06-04T20:21:45.156603,8213,CAM 1,1780488000,OK,
2026-06-04T20:21:45.332165,8213,CAM 1,1780574400,OK,
2026-06-04T20:21:45.639763,8214,CAM 2,1780401600,OK,
2026-06-04T20:21:45.857602,8214,CAM 2,1780488000,OK,
2026-06-04T20:21:46.044775,8214,CAM 2,1780574400,OK,
2026-06-04T20:25:44.852076,8209,CAM 5,1779537600,OK,
2026-06-04T20:25:45.013038,8209,CAM 5,1779624000,OK,
2026-06-04T20:25:45.180583,8209,CAM 5,1779710400,OK,
2026-06-04T20:25:45.360593,8209,CAM 5,1779796800,OK,
2026-06-04T20:25:45.526340,8209,CAM 5,1779883200,OK,
2026-06-04T20:25:45.690172,8209,CAM 5,1779969600,OK,
2026-06-04T20:25:45.864109,8209,CAM 5,1780056000,OK,
2026-06-04T20:25:46.049260,8209,CAM 5,1780142400,OK,
2026-06-04T20:25:46.219116,8209,CAM 5,1780228800,OK,
2026-06-04T20:25:46.403145,8209,CAM 5,1780315200,OK,
2026-06-04T20:25:46.744348,8210,CAM 6,1779537600,OK,
2026-06-04T20:25:46.910693,8210,CAM 6,1779624000,OK,
2026-06-04T20:25:47.111751,8210,CAM 6,1779710400,OK,
2026-06-04T20:25:47.278016,8210,CAM 6,1779796800,OK,
2026-06-04T20:25:47.429720,8210,CAM 6,1779883200,OK,
2026-06-04T20:25:47.592222,8210,CAM 6,1779969600,OK,
2026-06-04T20:25:47.743247,8210,CAM 6,1780056000,OK,
2026-06-04T20:25:47.925819,8210,CAM 6,1780142400,OK,
2026-06-04T20:25:48.093926,8210,CAM 6,1780228800,OK,
2026-06-04T20:25:48.250625,8210,CAM 6,1780315200,OK,
2026-06-04T20:25:48.536755,8211,CAM 4,1779624000,OK,
2026-06-04T20:25:48.740983,8211,CAM 4,1779710400,OK,
2026-06-04T20:25:48.962405,8211,CAM 4,1779796800,OK,
2026-06-04T20:25:49.126816,8211,CAM 4,1779883200,OK,
2026-06-04T20:25:49.299457,8211,CAM 4,1780056000,OK,
2026-06-04T20:25:49.469481,8211,CAM 4,1780142400,OK,
2026-06-04T20:25:49.696594,8211,CAM 4,1780228800,OK,
2026-06-04T20:25:49.862878,8211,CAM 4,1780315200,OK,
2026-06-04T20:25:50.169232,8212,CAM 3,1779537600,OK,
2026-06-04T20:25:50.382473,8212,CAM 3,1779624000,OK,
2026-06-04T20:25:50.638973,8212,CAM 3,1779710400,OK,
2026-06-04T20:25:50.848865,8212,CAM 3,1779796800,OK,
2026-06-04T20:25:51.052116,8212,CAM 3,1779883200,OK,
2026-06-04T20:25:51.274773,8212,CAM 3,1779969600,OK,
2026-06-04T20:25:51.487080,8212,CAM 3,1780056000,OK,
2026-06-04T20:25:51.714515,8212,CAM 3,1780142400,OK,
2026-06-04T20:25:51.953685,8212,CAM 3,1780228800,OK,
2026-06-04T20:25:52.125800,8212,CAM 3,1780315200,OK,
2026-06-04T20:25:52.419650,8213,CAM 1,1779537600,OK,
2026-06-04T20:25:52.648830,8213,CAM 1,1779624000,OK,
2026-06-04T20:25:52.868294,8213,CAM 1,1779710400,OK,
2026-06-04T20:25:53.194751,8213,CAM 1,1779796800,OK,
2026-06-04T20:25:53.420676,8213,CAM 1,1779883200,OK,
2026-06-04T20:25:53.597535,8213,CAM 1,1779969600,OK,
2026-06-04T20:25:53.762763,8213,CAM 1,1780056000,OK,
2026-06-04T20:25:53.935747,8213,CAM 1,1780142400,OK,
2026-06-04T20:25:54.102091,8213,CAM 1,1780228800,OK,
2026-06-04T20:25:54.263076,8213,CAM 1,1780315200,OK,
2026-06-04T20:25:54.558007,8214,CAM 2,1779537600,OK,
2026-06-04T20:25:54.723639,8214,CAM 2,1779624000,OK,
2026-06-04T20:25:54.886323,8214,CAM 2,1779710400,OK,
2026-06-04T20:25:55.044244,8214,CAM 2,1779796800,OK,
2026-06-04T20:25:55.394832,8214,CAM 2,1779883200,OK,
2026-06-04T20:25:55.571475,8214,CAM 2,1779969600,OK,
2026-06-04T20:25:55.732906,8214,CAM 2,1780056000,OK,
2026-06-04T20:25:55.891450,8214,CAM 2,1780142400,OK,
2026-06-04T20:25:56.064123,8214,CAM 2,1780228800,OK,
2026-06-04T20:25:56.236847,8214,CAM 2,1780315200,OK,
2026-06-04T20:30:10.231440,8209,CAM 5,1779469200,OK,
2026-06-04T20:30:10.476348,8209,CAM 5,1779472800,OK,
2026-06-04T20:30:10.693125,8209,CAM 5,1779512400,OK,
2026-06-04T20:30:10.934487,8209,CAM 5,1779516000,OK,
2026-06-04T20:30:11.161763,8209,CAM 5,1779519600,OK,
2026-06-04T20:30:11.391476,8209,CAM 5,1779523200,OK,
2026-06-04T20:30:11.638994,8209,CAM 5,1779526800,OK,
2026-06-04T20:30:11.863772,8209,CAM 5,1779530400,OK,
2026-06-04T20:30:12.051747,8209,CAM 5,1779534000,OK,
2026-06-04T20:30:12.215393,8209,CAM 5,1779541200,OK,
2026-06-04T20:30:12.405988,8209,CAM 5,1779544800,OK,
2026-06-04T20:30:12.626361,8209,CAM 5,1779548400,OK,
2026-06-04T20:30:12.843826,8209,CAM 5,1779552000,OK,
2026-06-04T20:30:13.018619,8209,CAM 5,1779555600,OK,
2026-06-04T20:30:13.189833,8209,CAM 5,1779559200,OK,
2026-06-04T20:30:13.364757,8209,CAM 5,1779598800,OK,
2026-06-04T20:30:13.556224,8209,CAM 5,1779602400,OK,
2026-06-04T20:30:13.722477,8209,CAM 5,1779606000,OK,
2026-06-04T20:30:13.919292,8209,CAM 5,1779609600,OK,
2026-06-04T20:30:14.101711,8209,CAM 5,1779613200,OK,
2026-06-04T20:30:14.277799,8209,CAM 5,1779616800,OK,
2026-06-04T20:30:14.460293,8209,CAM 5,1779620400,OK,
2026-06-04T20:30:14.656866,8209,CAM 5,1779627600,OK,
2026-06-04T20:30:14.823783,8209,CAM 5,1779631200,OK,
2026-06-04T20:30:15.042508,8209,CAM 5,1779634800,OK,
2026-06-04T20:30:15.255415,8209,CAM 5,1779638400,OK,
2026-06-04T20:30:15.455555,8209,CAM 5,1779642000,OK,
2026-06-04T20:30:15.623104,8209,CAM 5,1779645600,OK,
2026-06-04T20:30:15.790499,8209,CAM 5,1779685200,OK,
2026-06-04T20:30:15.950892,8209,CAM 5,1779688800,OK,
2026-06-04T20:30:16.114102,8209,CAM 5,1779692400,OK,
2026-06-04T20:30:16.280442,8209,CAM 5,1779696000,OK,
2026-06-04T20:30:16.473310,8209,CAM 5,1779699600,OK,
2026-06-04T20:30:16.632972,8209,CAM 5,1779703200,OK,
2026-06-04T20:30:16.804825,8209,CAM 5,1779706800,OK,
2026-06-04T20:30:16.969888,8209,CAM 5,1779714000,OK,
2026-06-04T20:30:17.136081,8209,CAM 5,1779717600,OK,
2026-06-04T20:30:17.295138,8209,CAM 5,1779721200,OK,
2026-06-04T20:30:17.468495,8209,CAM 5,1779724800,OK,
2026-06-04T20:30:17.631428,8209,CAM 5,1779728400,OK,
2026-06-04T20:30:17.789652,8209,CAM 5,1779732000,OK,
2026-06-04T20:30:17.953104,8209,CAM 5,1779771600,OK,
2026-06-04T20:30:18.157069,8209,CAM 5,1779775200,OK,
2026-06-04T20:30:18.326890,8209,CAM 5,1779778800,OK,
2026-06-04T20:30:18.494921,8209,CAM 5,1779779400,OK,
2026-06-04T20:30:18.660972,8209,CAM 5,1779780000,OK,
2026-06-04T20:30:18.827465,8209,CAM 5,1779780600,OK,
2026-06-04T20:30:19.061286,8209,CAM 5,1779781200,OK,
2026-06-04T20:30:19.224671,8209,CAM 5,1779781800,OK,
2026-06-04T20:30:19.418433,8209,CAM 5,1779782400,OK,
2026-06-04T20:30:19.611642,8209,CAM 5,1779783000,OK,
2026-06-04T20:30:19.785270,8209,CAM 5,1779783600,OK,
2026-06-04T20:30:19.958065,8209,CAM 5,1779784200,OK,
2026-06-04T20:30:20.121620,8209,CAM 5,1779784800,OK,
2026-06-04T20:30:20.281941,8209,CAM 5,1779785400,OK,
2026-06-04T20:30:20.444573,8209,CAM 5,1779786000,OK,
2026-06-04T20:30:20.611148,8209,CAM 5,1779786600,OK,
2026-06-04T20:30:20.775459,8209,CAM 5,1779787200,OK,
2026-06-04T20:30:20.934326,8209,CAM 5,1779787800,OK,
2026-06-04T20:30:21.106634,8209,CAM 5,1779788400,OK,
2026-06-04T20:30:21.268051,8209,CAM 5,1779789000,OK,
2026-06-04T20:30:21.434860,8209,CAM 5,1779789600,OK,
2026-06-04T20:30:21.643053,8209,CAM 5,1779790200,OK,
2026-06-04T20:30:21.811919,8209,CAM 5,1779790800,OK,
2026-06-04T20:30:21.988038,8209,CAM 5,1779791400,OK,
2026-06-04T20:30:22.161790,8209,CAM 5,1779792000,OK,
2026-06-04T20:30:22.329461,8209,CAM 5,1779792600,OK,
2026-06-04T20:30:22.486646,8209,CAM 5,1779793200,OK,
2026-06-04T20:30:22.656308,8209,CAM 5,1779800400,OK,
2026-06-04T20:30:22.827293,8209,CAM 5,1779804000,OK,
2026-06-04T20:30:22.989039,8209,CAM 5,1779807600,OK,
2026-06-04T20:30:23.144392,8209,CAM 5,1779811200,OK,
2026-06-04T20:30:23.299924,8209,CAM 5,1779814800,OK,
2026-06-04T20:30:23.476998,8209,CAM 5,1779818400,OK,
2026-06-04T20:30:23.640938,8209,CAM 5,1779858000,OK,
2026-06-04T20:30:23.860242,8209,CAM 5,1779861600,OK,
2026-06-04T20:30:24.046883,8209,CAM 5,1779865200,OK,
2026-06-04T20:30:24.266221,8209,CAM 5,1779868800,OK,
2026-06-04T20:30:24.443683,8209,CAM 5,1779872400,OK,
2026-06-04T20:30:24.631756,8209,CAM 5,1779876000,OK,
2026-06-04T20:30:24.804686,8209,CAM 5,1779879600,OK,
2026-06-04T20:30:24.986841,8209,CAM 5,1779886800,OK,
2026-06-04T20:30:25.171767,8209,CAM 5,1779890400,OK,
2026-06-04T20:30:25.328068,8209,CAM 5,1779894000,OK,
2026-06-04T20:30:25.511416,8209,CAM 5,1779897600,OK,
2026-06-04T20:30:25.670486,8209,CAM 5,1779901200,OK,
2026-06-04T20:30:25.852091,8209,CAM 5,1779904800,OK,
2026-06-04T20:30:26.094140,8209,CAM 5,1779944400,OK,
2026-06-04T20:30:26.299349,8209,CAM 5,1779948000,OK,
2026-06-04T20:30:26.474977,8209,CAM 5,1779951600,OK,
2026-06-04T20:30:26.638837,8209,CAM 5,1779955200,OK,
2026-06-04T20:30:26.797540,8209,CAM 5,1779958800,OK,
2026-06-04T20:30:27.010254,8209,CAM 5,1779962400,OK,
2026-06-04T20:30:27.186491,8209,CAM 5,1779966000,OK,
2026-06-04T20:30:27.369800,8209,CAM 5,1779973200,OK,
2026-06-04T20:30:27.558322,8209,CAM 5,1779976800,OK,
2026-06-04T20:30:27.720010,8209,CAM 5,1779980400,OK,
2026-06-04T20:30:27.913317,8209,CAM 5,1779984000,OK,
2026-06-04T20:30:28.124321,8209,CAM 5,1779987600,OK,
2026-06-04T20:30:28.659970,8209,CAM 5,1779991200,OK,
2026-06-04T20:30:28.871438,8209,CAM 5,1780030800,OK,
2026-06-04T20:30:29.037306,8209,CAM 5,1780034400,OK,
2026-06-04T20:30:29.199118,8209,CAM 5,1780038000,OK,
2026-06-04T20:30:29.364703,8209,CAM 5,1780041600,OK,
2026-06-04T20:30:29.557419,8209,CAM 5,1780045200,OK,
2026-06-04T20:30:29.720232,8209,CAM 5,1780048800,OK,
2026-06-04T20:30:29.879383,8209,CAM 5,1780052400,OK,
2026-06-04T20:30:30.034903,8209,CAM 5,1780059600,OK,
2026-06-04T20:30:30.216702,8209,CAM 5,1780063200,OK,
2026-06-04T20:30:30.378985,8209,CAM 5,1780066800,OK,
2026-06-04T20:30:30.536577,8209,CAM 5,1780070400,OK,
2026-06-04T20:30:30.696008,8209,CAM 5,1780074000,OK,
2026-06-04T20:30:30.850540,8209,CAM 5,1780077600,OK,
2026-06-04T20:30:31.011227,8209,CAM 5,1780117200,OK,
2026-06-04T20:30:31.191970,8209,CAM 5,1780120800,OK,
2026-06-04T20:30:31.361708,8209,CAM 5,1780124400,OK,
2026-06-04T20:30:31.522999,8209,CAM 5,1780128000,OK,
2026-06-04T20:30:31.692807,8209,CAM 5,1780131600,OK,
2026-06-04T20:30:31.858845,8209,CAM 5,1780135200,OK,
2026-06-04T20:30:32.030269,8209,CAM 5,1780138800,OK,
2026-06-04T20:30:32.206160,8209,CAM 5,1780146000,OK,
2026-06-04T20:30:32.372294,8209,CAM 5,1780149600,OK,
2026-06-04T20:30:32.540330,8209,CAM 5,1780153200,OK,
2026-06-04T20:30:32.779918,8209,CAM 5,1780156800,OK,
2026-06-04T20:30:32.941721,8209,CAM 5,1780160400,OK,
2026-06-04T20:30:33.162999,8209,CAM 5,1780164000,OK,
2026-06-04T20:30:33.448283,8209,CAM 5,1780203600,OK,
2026-06-04T20:30:33.656913,8209,CAM 5,1780207200,OK,
2026-06-04T20:30:33.858302,8209,CAM 5,1780210800,OK,
2026-06-04T20:30:34.126912,8209,CAM 5,1780214400,OK,
2026-06-04T20:30:35.177046,8209,CAM 5,1780218000,OK,
2026-06-04T20:30:35.922500,8209,CAM 5,1780221600,OK,
2026-06-04T20:30:36.714882,8209,CAM 5,1780225200,OK,
2026-06-04T20:30:37.134990,8209,CAM 5,1780232400,OK,
2026-06-04T20:30:37.485661,8209,CAM 5,1780236000,OK,
2026-06-04T20:30:37.641968,8209,CAM 5,1780239600,OK,
2026-06-04T20:30:37.817367,8209,CAM 5,1780243200,OK,
2026-06-04T20:30:37.978011,8209,CAM 5,1780246800,OK,
2026-06-04T20:30:38.320487,8209,CAM 5,1780250400,OK,
2026-06-04T20:30:38.491272,8209,CAM 5,1780290000,OK,
2026-06-04T20:30:38.672696,8209,CAM 5,1780293600,OK,
2026-06-04T20:30:38.835180,8209,CAM 5,1780297200,OK,
2026-06-04T20:30:39.013798,8209,CAM 5,1780300800,OK,
2026-06-04T20:30:39.197091,8209,CAM 5,1780304400,OK,
2026-06-04T20:30:39.375711,8209,CAM 5,1780308000,OK,
2026-06-04T20:30:39.552321,8209,CAM 5,1780311600,OK,
2026-06-04T20:30:39.718198,8209,CAM 5,1780318800,OK,
2026-06-04T20:30:39.912423,8209,CAM 5,1780322400,OK,
2026-06-04T20:30:40.139294,8209,CAM 5,1780326000,OK,
2026-06-04T20:30:40.302570,8209,CAM 5,1780329600,OK,
2026-06-04T20:30:40.519458,8209,CAM 5,1780333200,OK,
2026-06-04T20:30:40.721413,8209,CAM 5,1780336800,OK,
2026-06-04T20:30:40.993200,8209,CAM 5,1780376400,OK,
2026-06-04T20:30:41.229236,8209,CAM 5,1780380000,OK,
2026-06-04T20:30:41.563973,8209,CAM 5,1780383600,OK,
2026-06-04T20:30:41.889340,8209,CAM 5,1780387200,OK,
2026-06-04T20:30:42.118296,8209,CAM 5,1780390800,OK,
2026-06-04T20:30:42.339238,8209,CAM 5,1780394400,OK,
2026-06-04T20:30:42.612712,8209,CAM 5,1780398000,OK,
2026-06-04T20:30:42.860845,8209,CAM 5,1780405200,OK,
2026-06-04T20:30:43.146283,8209,CAM 5,1780408800,OK,
2026-06-04T20:30:43.394958,8209,CAM 5,1780412400,OK,
2026-06-04T20:30:43.660645,8209,CAM 5,1780416000,OK,
2026-06-04T20:30:44.000002,8209,CAM 5,1780419600,OK,
2026-06-04T20:30:44.229146,8209,CAM 5,1780423200,OK,
2026-06-04T20:30:44.559165,8209,CAM 5,1780462800,OK,
2026-06-04T20:30:44.757091,8209,CAM 5,1780466400,OK,
2026-06-04T20:30:44.970028,8209,CAM 5,1780470000,OK,
2026-06-04T20:30:45.289053,8209,CAM 5,1780473600,OK,
2026-06-04T20:30:45.473570,8209,CAM 5,1780477200,OK,
2026-06-04T20:30:45.663007,8209,CAM 5,1780480800,OK,
2026-06-04T20:30:45.852382,8209,CAM 5,1780484400,OK,
2026-06-04T20:30:46.036554,8209,CAM 5,1780491600,OK,
2026-06-04T20:30:46.189983,8209,CAM 5,1780495200,OK,
2026-06-04T20:30:46.363082,8209,CAM 5,1780498800,OK,
2026-06-04T20:30:46.524608,8209,CAM 5,1780502400,OK,
2026-06-04T20:30:46.692903,8209,CAM 5,1780506000,OK,
2026-06-04T20:30:46.877405,8209,CAM 5,1780509600,OK,
2026-06-04T20:30:47.045310,8209,CAM 5,1780549200,OK,
2026-06-04T20:30:47.203181,8209,CAM 5,1780552800,OK,
2026-06-04T20:30:47.357913,8209,CAM 5,1780556400,OK,
2026-06-04T20:30:47.523941,8209,CAM 5,1780560000,OK,
2026-06-04T20:30:47.676760,8209,CAM 5,1780563600,OK,
2026-06-04T20:30:47.851686,8209,CAM 5,1780567200,OK,
2026-06-04T20:30:48.007111,8209,CAM 5,1780570800,OK,
2026-06-04T20:30:48.182631,8209,CAM 5,1780578000,OK,
2026-06-04T20:30:48.348190,8209,CAM 5,1780581600,OK,
2026-06-04T20:30:48.505732,8209,CAM 5,1780585200,OK,
2026-06-04T20:30:48.678286,8209,CAM 5,1780588800,OK,
2026-06-04T20:30:48.864577,8209,CAM 5,1780592400,OK,
2026-06-04T20:30:49.050447,8209,CAM 5,1780596000,OK,
2026-06-04T20:30:49.383512,8210,CAM 6,1779469200,OK,
2026-06-04T20:30:49.568827,8210,CAM 6,1779472800,OK,
2026-06-04T20:30:49.731251,8210,CAM 6,1779512400,OK,
2026-06-04T20:30:49.959850,8210,CAM 6,1779516000,OK,
2026-06-04T20:30:50.186547,8210,CAM 6,1779519600,OK,
2026-06-04T20:30:50.378995,8210,CAM 6,1779523200,OK,
2026-06-04T20:30:50.569153,8210,CAM 6,1779526800,OK,
2026-06-04T20:30:50.728455,8210,CAM 6,1779530400,OK,
2026-06-04T20:30:51.277190,8210,CAM 6,1779534000,OK,
2026-06-04T20:30:51.464322,8210,CAM 6,1779541200,OK,
2026-06-04T20:30:51.623090,8210,CAM 6,1779544800,OK,
2026-06-04T20:30:51.790075,8210,CAM 6,1779548400,OK,
2026-06-04T20:30:52.036409,8210,CAM 6,1779552000,OK,
2026-06-04T20:30:52.208792,8210,CAM 6,1779555600,OK,
2026-06-04T20:30:52.394633,8210,CAM 6,1779559200,OK,
2026-06-04T20:30:52.548606,8210,CAM 6,1779598800,OK,
2026-06-04T20:30:52.722975,8210,CAM 6,1779602400,OK,
2026-06-04T20:30:52.902865,8210,CAM 6,1779606000,OK,
2026-06-04T20:30:53.114725,8210,CAM 6,1779609600,OK,
2026-06-04T20:30:53.309240,8210,CAM 6,1779613200,OK,
2026-06-04T20:30:53.551488,8210,CAM 6,1779616800,OK,
2026-06-04T20:30:53.833110,8210,CAM 6,1779620400,OK,
2026-06-04T20:30:54.003597,8210,CAM 6,1779627600,OK,
2026-06-04T20:30:54.214225,8210,CAM 6,1779631200,OK,
2026-06-04T20:30:54.402651,8210,CAM 6,1779634800,OK,
2026-06-04T20:30:54.575963,8210,CAM 6,1779638400,OK,
2026-06-04T20:30:54.755839,8210,CAM 6,1779642000,OK,
2026-06-04T20:30:54.984702,8210,CAM 6,1779645600,OK,
2026-06-04T20:30:55.146571,8210,CAM 6,1779685200,OK,
2026-06-04T20:30:55.323964,8210,CAM 6,1779688800,OK,
2026-06-04T20:30:55.509491,8210,CAM 6,1779692400,OK,
2026-06-04T20:30:55.671649,8210,CAM 6,1779696000,OK,
2026-06-04T20:30:55.925149,8210,CAM 6,1779699600,OK,
2026-06-04T20:30:56.102324,8210,CAM 6,1779703200,OK,
2026-06-04T20:30:56.268606,8210,CAM 6,1779706800,OK,
2026-06-04T20:30:56.435914,8210,CAM 6,1779714000,OK,
2026-06-04T20:30:56.591250,8210,CAM 6,1779717600,OK,
2026-06-04T20:30:56.844749,8210,CAM 6,1779721200,OK,
2026-06-04T20:30:57.015510,8210,CAM 6,1779724800,OK,
2026-06-04T20:30:57.179829,8210,CAM 6,1779728400,OK,
2026-06-04T20:30:57.342418,8210,CAM 6,1779732000,OK,
2026-06-04T20:30:57.492642,8210,CAM 6,1779771600,OK,
2026-06-04T20:30:57.652563,8210,CAM 6,1779775200,OK,
2026-06-04T20:30:57.827084,8210,CAM 6,1779778800,OK,
2026-06-04T20:30:57.983102,8210,CAM 6,1779779400,OK,
2026-06-04T20:30:58.219440,8210,CAM 6,1779780000,OK,
2026-06-04T20:30:58.429480,8210,CAM 6,1779780600,OK,
2026-06-04T20:30:58.631162,8210,CAM 6,1779781200,OK,
2026-06-04T20:30:58.832400,8210,CAM 6,1779781800,OK,
2026-06-04T20:30:59.050796,8210,CAM 6,1779782400,OK,
2026-06-04T20:30:59.252684,8210,CAM 6,1779783000,OK,
2026-06-04T20:30:59.506844,8210,CAM 6,1779783600,OK,
2026-06-04T20:30:59.774218,8210,CAM 6,1779784200,OK,
2026-06-04T20:30:59.997381,8210,CAM 6,1779784800,OK,
2026-06-04T20:31:00.230179,8210,CAM 6,1779785400,OK,
2026-06-04T20:31:00.468510,8210,CAM 6,1779786000,OK,
2026-06-04T20:31:00.673935,8210,CAM 6,1779786600,OK,
2026-06-04T20:31:01.000562,8210,CAM 6,1779787200,OK,
2026-06-04T20:31:01.219855,8210,CAM 6,1779787800,OK,
2026-06-04T20:31:01.624466,8210,CAM 6,1779788400,OK,
2026-06-04T20:31:02.001538,8210,CAM 6,1779789000,OK,
2026-06-04T20:31:02.393637,8210,CAM 6,1779789600,OK,
2026-06-04T20:31:02.740971,8210,CAM 6,1779790200,OK,
2026-06-04T20:31:02.979910,8210,CAM 6,1779790800,OK,
2026-06-04T20:31:03.319518,8210,CAM 6,1779791400,OK,
2026-06-04T20:31:03.563152,8210,CAM 6,1779792000,OK,
2026-06-04T20:31:03.788983,8210,CAM 6,1779792600,OK,
2026-06-04T20:31:04.105483,8210,CAM 6,1779793200,OK,
2026-06-04T20:31:04.298103,8210,CAM 6,1779800400,OK,
2026-06-04T20:31:04.571815,8210,CAM 6,1779804000,OK,
2026-06-04T20:31:04.835376,8210,CAM 6,1779807600,OK,
2026-06-04T20:31:05.043512,8210,CAM 6,1779811200,OK,
2026-06-04T20:31:05.261147,8210,CAM 6,1779814800,OK,
2026-06-04T20:31:05.601100,8210,CAM 6,1779818400,OK,
2026-06-04T20:31:05.911221,8210,CAM 6,1779858000,OK,
2026-06-04T20:31:06.254241,8210,CAM 6,1779861600,OK,
2026-06-04T20:31:06.606101,8210,CAM 6,1779865200,OK,
2026-06-04T20:31:06.868480,8210,CAM 6,1779868800,OK,
2026-06-04T20:31:07.326288,8210,CAM 6,1779872400,OK,
2026-06-04T20:31:07.647625,8210,CAM 6,1779876000,OK,
2026-06-04T20:31:07.849170,8210,CAM 6,1779879600,OK,
2026-06-04T20:31:08.096780,8210,CAM 6,1779886800,OK,
2026-06-04T20:31:08.343260,8210,CAM 6,1779890400,OK,
2026-06-04T20:31:08.573438,8210,CAM 6,1779894000,OK,
2026-06-04T20:31:08.813102,8210,CAM 6,1779897600,OK,
2026-06-04T20:31:09.074576,8210,CAM 6,1779901200,OK,
2026-06-04T20:31:09.289845,8210,CAM 6,1779904800,OK,
2026-06-04T20:31:09.522104,8210,CAM 6,1779944400,OK,
2026-06-04T20:31:09.880489,8210,CAM 6,1779948000,OK,
2026-06-04T20:31:10.307385,8210,CAM 6,1779951600,OK,
2026-06-04T20:31:10.689612,8210,CAM 6,1779955200,OK,
2026-06-04T20:31:11.081993,8210,CAM 6,1779958800,OK,
2026-06-04T20:31:11.333503,8210,CAM 6,1779962400,OK,
2026-06-04T20:31:11.582053,8210,CAM 6,1779966000,OK,
2026-06-04T20:31:11.799191,8210,CAM 6,1779973200,OK,
2026-06-04T20:31:12.002070,8210,CAM 6,1779976800,OK,
2026-06-04T20:31:12.244354,8210,CAM 6,1779980400,OK,
2026-06-04T20:31:12.509688,8210,CAM 6,1779984000,OK,
2026-06-04T20:31:13.031930,8210,CAM 6,1779987600,OK,
2026-06-04T20:31:13.314903,8210,CAM 6,1779991200,OK,
2026-06-04T20:31:13.604359,8210,CAM 6,1780030800,OK,
2026-06-04T20:31:13.807059,8210,CAM 6,1780034400,OK,
2026-06-04T20:31:14.029005,8210,CAM 6,1780038000,OK,
2026-06-04T20:31:14.280729,8210,CAM 6,1780041600,OK,
2026-06-04T20:31:14.524846,8210,CAM 6,1780045200,OK,
2026-06-04T20:31:14.767429,8210,CAM 6,1780048800,OK,
2026-06-04T20:31:14.971773,8210,CAM 6,1780052400,OK,
2026-06-04T20:31:15.214887,8210,CAM 6,1780059600,OK,
2026-06-04T20:31:15.488095,8210,CAM 6,1780063200,OK,
2026-06-04T20:31:16.113316,8210,CAM 6,1780066800,OK,
2026-06-04T20:31:16.415754,8210,CAM 6,1780070400,OK,
2026-06-04T20:31:16.664370,8210,CAM 6,1780074000,OK,
2026-06-04T20:31:16.888026,8210,CAM 6,1780077600,OK,
2026-06-04T20:31:17.084218,8210,CAM 6,1780117200,OK,
2026-06-04T20:31:17.291198,8210,CAM 6,1780120800,OK,
2026-06-04T20:31:17.526640,8210,CAM 6,1780124400,OK,
2026-06-04T20:31:17.742782,8210,CAM 6,1780128000,OK,
2026-06-04T20:31:17.996579,8210,CAM 6,1780131600,OK,
2026-06-04T20:31:18.245433,8210,CAM 6,1780135200,OK,
2026-06-04T20:31:18.512221,8210,CAM 6,1780138800,OK,
2026-06-04T20:31:18.720501,8210,CAM 6,1780146000,OK,
2026-06-04T20:31:18.921997,8210,CAM 6,1780149600,OK,
2026-06-04T20:31:19.124357,8210,CAM 6,1780153200,OK,
2026-06-04T20:31:19.345769,8210,CAM 6,1780156800,OK,
2026-06-04T20:31:19.565197,8210,CAM 6,1780160400,OK,
2026-06-04T20:31:19.775173,8210,CAM 6,1780164000,OK,
2026-06-04T20:31:19.980470,8210,CAM 6,1780203600,OK,
2026-06-04T20:31:20.211514,8210,CAM 6,1780207200,OK,
2026-06-04T20:31:20.561077,8210,CAM 6,1780210800,OK,
2026-06-04T20:31:20.934153,8210,CAM 6,1780214400,OK,
2026-06-04T20:31:21.188099,8210,CAM 6,1780218000,OK,
2026-06-04T20:31:21.421103,8210,CAM 6,1780221600,OK,
2026-06-04T20:31:21.634264,8210,CAM 6,1780225200,OK,
2026-06-04T20:31:21.860264,8210,CAM 6,1780232400,OK,
2026-06-04T20:31:22.085726,8210,CAM 6,1780236000,OK,
2026-06-04T20:31:22.288067,8210,CAM 6,1780239600,OK,
2026-06-04T20:31:22.535944,8210,CAM 6,1780243200,OK,
2026-06-04T20:31:22.770265,8210,CAM 6,1780246800,OK,
2026-06-04T20:31:22.991220,8210,CAM 6,1780250400,OK,
2026-06-04T20:31:23.190841,8210,CAM 6,1780290000,OK,
2026-06-04T20:31:23.448776,8210,CAM 6,1780293600,OK,
2026-06-04T20:31:23.772462,8210,CAM 6,1780297200,OK,
2026-06-04T20:31:23.999165,8210,CAM 6,1780300800,OK,
2026-06-04T20:31:24.241388,8210,CAM 6,1780304400,OK,
2026-06-04T20:31:24.496250,8210,CAM 6,1780308000,OK,
2026-06-04T20:31:24.718346,8210,CAM 6,1780311600,OK,
2026-06-04T20:31:24.958425,8210,CAM 6,1780318800,OK,
2026-06-04T20:31:25.187087,8210,CAM 6,1780322400,OK,
2026-06-04T20:31:25.465961,8210,CAM 6,1780326000,OK,
2026-06-04T20:31:25.666275,8210,CAM 6,1780329600,OK,
2026-06-04T20:31:25.881003,8210,CAM 6,1780333200,OK,
2026-06-04T20:31:26.082747,8210,CAM 6,1780336800,OK,
2026-06-04T20:31:26.284113,8210,CAM 6,1780376400,OK,
2026-06-04T20:31:26.534456,8210,CAM 6,1780380000,OK,
2026-06-04T20:31:26.753099,8210,CAM 6,1780383600,OK,
2026-06-04T20:31:26.994750,8210,CAM 6,1780387200,OK,
2026-06-04T20:31:27.217312,8210,CAM 6,1780390800,OK,
2026-06-04T20:31:27.426752,8210,CAM 6,1780394400,OK,
2026-06-04T20:31:27.648429,8210,CAM 6,1780398000,OK,
2026-06-04T20:31:27.873585,8210,CAM 6,1780405200,OK,
2026-06-04T20:31:28.079121,8210,CAM 6,1780408800,OK,
2026-06-04T20:31:28.313090,8210,CAM 6,1780412400,OK,
2026-06-04T20:31:28.531408,8210,CAM 6,1780416000,OK,
2026-06-04T20:31:28.747119,8210,CAM 6,1780419600,OK,
2026-06-04T20:31:28.940305,8210,CAM 6,1780423200,OK,
2026-06-04T20:31:29.131934,8210,CAM 6,1780462800,OK,
2026-06-04T20:31:29.326962,8210,CAM 6,1780466400,OK,
2026-06-04T20:31:29.562479,8210,CAM 6,1780470000,OK,
2026-06-04T20:31:29.760848,8210,CAM 6,1780473600,OK,
2026-06-04T20:31:29.956907,8210,CAM 6,1780477200,OK,
2026-06-04T20:31:30.166138,8210,CAM 6,1780480800,OK,
2026-06-04T20:31:30.373410,8210,CAM 6,1780484400,OK,
2026-06-04T20:31:30.589055,8210,CAM 6,1780491600,OK,
2026-06-04T20:31:30.794521,8210,CAM 6,1780495200,OK,
2026-06-04T20:31:30.996160,8210,CAM 6,1780498800,OK,
2026-06-04T20:31:31.198179,8210,CAM 6,1780502400,OK,
2026-06-04T20:31:31.594520,8210,CAM 6,1780506000,OK,
2026-06-04T20:31:31.829380,8210,CAM 6,1780509600,OK,
2026-06-04T20:31:32.044726,8210,CAM 6,1780549200,OK,
2026-06-04T20:31:32.244884,8210,CAM 6,1780552800,OK,
2026-06-04T20:31:32.496814,8210,CAM 6,1780556400,OK,
2026-06-04T20:31:32.695913,8210,CAM 6,1780560000,OK,
2026-06-04T20:31:32.894450,8210,CAM 6,1780563600,OK,
2026-06-04T20:31:33.097064,8210,CAM 6,1780567200,OK,
2026-06-04T20:31:33.304212,8210,CAM 6,1780570800,OK,
2026-06-04T20:31:33.523169,8210,CAM 6,1780578000,OK,
2026-06-04T20:31:33.718161,8210,CAM 6,1780581600,OK,
2026-06-04T20:31:33.917061,8210,CAM 6,1780585200,OK,
2026-06-04T20:31:34.107943,8210,CAM 6,1780588800,OK,
2026-06-04T20:31:34.321855,8210,CAM 6,1780592400,OK,
2026-06-04T20:31:34.548611,8210,CAM 6,1780596000,OK,
2026-06-04T20:31:34.924285,8211,CAM 4,1779469200,OK,
2026-06-04T20:31:35.160643,8211,CAM 4,1779472800,OK,
2026-06-04T20:31:35.384703,8211,CAM 4,1779512400,OK,
2026-06-04T20:31:35.751802,8211,CAM 4,1779516000,OK,
2026-06-04T20:31:35.982138,8211,CAM 4,1779523200,OK,
2026-06-04T20:31:36.650787,8211,CAM 4,1779526800,OK,
2026-06-04T20:31:36.867843,8211,CAM 4,1779530400,OK,
2026-06-04T20:31:37.072626,8211,CAM 4,1779534000,OK,
2026-06-04T20:31:37.307651,8211,CAM 4,1779548400,OK,
2026-06-04T20:31:37.552584,8211,CAM 4,1779552000,OK,
2026-06-04T20:31:37.764826,8211,CAM 4,1779555600,OK,
2026-06-04T20:31:37.993144,8211,CAM 4,1779559200,OK,
2026-06-04T20:31:38.275816,8211,CAM 4,1779598800,OK,
2026-06-04T20:31:38.495813,8211,CAM 4,1779602400,OK,
2026-06-04T20:31:38.706672,8211,CAM 4,1779606000,OK,
2026-06-04T20:31:38.940234,8211,CAM 4,1779613200,OK,
2026-06-04T20:31:39.143921,8211,CAM 4,1779616800,OK,
2026-06-04T20:31:39.812944,8211,CAM 4,1779620400,OK,
2026-06-04T20:31:40.427148,8211,CAM 4,1779627600,OK,
2026-06-04T20:31:40.736952,8211,CAM 4,1779634800,OK,
2026-06-04T20:31:41.008098,8211,CAM 4,1779638400,OK,
2026-06-04T20:31:41.465594,8211,CAM 4,1779642000,OK,
2026-06-04T20:31:41.712393,8211,CAM 4,1779645600,OK,
2026-06-04T20:31:41.915612,8211,CAM 4,1779685200,OK,
2026-06-04T20:31:42.219957,8211,CAM 4,1779688800,OK,
2026-06-04T20:31:42.640141,8211,CAM 4,1779692400,OK,
2026-06-04T20:31:43.059620,8211,CAM 4,1779714000,OK,
2026-06-04T20:31:43.453059,8211,CAM 4,1779717600,OK,
2026-06-04T20:31:43.901720,8211,CAM 4,1779724800,OK,
2026-06-04T20:31:44.244231,8211,CAM 4,1779728400,OK,
2026-06-04T20:31:44.603434,8211,CAM 4,1779732000,OK,
2026-06-04T20:31:45.015681,8211,CAM 4,1779771600,OK,
2026-06-04T20:31:45.268562,8211,CAM 4,1779775200,OK,
2026-06-04T20:31:45.676433,8211,CAM 4,1779779400,OK,
2026-06-04T20:31:45.936860,8211,CAM 4,1779780000,OK,
2026-06-04T20:31:46.208549,8211,CAM 4,1779780600,OK,
2026-06-04T20:31:46.481969,8211,CAM 4,1779781200,OK,
2026-06-04T20:31:46.733044,8211,CAM 4,1779781800,OK,
2026-06-04T20:31:47.048812,8211,CAM 4,1779782400,OK,
2026-06-04T20:31:47.309880,8211,CAM 4,1779784200,OK,
2026-06-04T20:31:47.589385,8211,CAM 4,1779786000,OK,
2026-06-04T20:31:47.866182,8211,CAM 4,1779787800,OK,
2026-06-04T20:31:48.076949,8211,CAM 4,1779789600,OK,
2026-06-04T20:31:48.315845,8211,CAM 4,1779791400,OK,
2026-06-04T20:31:48.555942,8211,CAM 4,1779800400,OK,
2026-06-04T20:31:48.757726,8211,CAM 4,1779807600,OK,
2026-06-04T20:31:48.984955,8211,CAM 4,1779811200,OK,
2026-06-04T20:31:49.237009,8211,CAM 4,1779814800,OK,
2026-06-04T20:31:49.472176,8211,CAM 4,1779818400,OK,
2026-06-04T20:31:49.665884,8211,CAM 4,1779858000,OK,
2026-06-04T20:31:49.874587,8211,CAM 4,1779861600,OK,
2026-06-04T20:31:50.149835,8211,CAM 4,1779865200,OK,
2026-06-04T20:31:50.464464,8211,CAM 4,1779868800,OK,
2026-06-04T20:31:50.687339,8211,CAM 4,1779872400,OK,
2026-06-04T20:31:50.942001,8211,CAM 4,1779876000,OK,
2026-06-04T20:31:51.163220,8211,CAM 4,1779879600,OK,
2026-06-04T20:31:51.697441,8211,CAM 4,1779886800,OK,
2026-06-04T20:31:52.152271,8211,CAM 4,1779890400,OK,
2026-06-04T20:31:52.528190,8211,CAM 4,1779894000,OK,
2026-06-04T20:31:52.918933,8211,CAM 4,1779897600,OK,
2026-06-04T20:31:53.269220,8211,CAM 4,1779904800,OK,
2026-06-04T20:31:53.670280,8211,CAM 4,1779944400,OK,
2026-06-04T20:31:54.030392,8211,CAM 4,1779948000,OK,
2026-06-04T20:31:54.380170,8211,CAM 4,1779951600,OK,
2026-06-04T20:31:54.774370,8211,CAM 4,1779955200,OK,
2026-06-04T20:31:55.008452,8211,CAM 4,1779966000,OK,
2026-06-04T20:31:55.216030,8211,CAM 4,1779976800,OK,
2026-06-04T20:31:55.422602,8211,CAM 4,1779980400,OK,
2026-06-04T20:31:56.145088,8211,CAM 4,1779984000,OK,
2026-06-04T20:31:56.405993,8211,CAM 4,1779987600,OK,
2026-06-04T20:31:56.609112,8211,CAM 4,1779991200,OK,
2026-06-04T20:31:56.834613,8211,CAM 4,1780030800,OK,
2026-06-04T20:31:57.532495,8211,CAM 4,1780034400,OK,
2026-06-04T20:31:57.841971,8211,CAM 4,1780038000,OK,
2026-06-04T20:31:58.167456,8211,CAM 4,1780041600,OK,
2026-06-04T20:31:58.476276,8211,CAM 4,1780048800,OK,
2026-06-04T20:31:58.713038,8211,CAM 4,1780052400,OK,
2026-06-04T20:31:58.908801,8211,CAM 4,1780063200,OK,
2026-06-04T20:31:59.118504,8211,CAM 4,1780066800,OK,
2026-06-04T20:31:59.340594,8211,CAM 4,1780070400,OK,
2026-06-04T20:31:59.599380,8211,CAM 4,1780074000,OK,
2026-06-04T20:31:59.831061,8211,CAM 4,1780077600,OK,
2026-06-04T20:32:00.048657,8211,CAM 4,1780117200,OK,
2026-06-04T20:32:00.291958,8211,CAM 4,1780120800,OK,
2026-06-04T20:32:00.736414,8211,CAM 4,1780128000,OK,
2026-06-04T20:32:01.066900,8211,CAM 4,1780138800,OK,
2026-06-04T20:32:01.287151,8211,CAM 4,1780146000,OK,
2026-06-04T20:32:01.531479,8211,CAM 4,1780149600,OK,
2026-06-04T20:32:01.771942,8211,CAM 4,1780153200,OK,
2026-06-04T20:32:02.135252,8211,CAM 4,1780160400,OK,
2026-06-04T20:32:02.341074,8211,CAM 4,1780164000,OK,
2026-06-04T20:32:02.719942,8211,CAM 4,1780203600,OK,
2026-06-04T20:32:03.104578,8211,CAM 4,1780207200,OK,
2026-06-04T20:32:03.335643,8211,CAM 4,1780210800,OK,
2026-06-04T20:32:03.701329,8211,CAM 4,1780221600,OK,
2026-06-04T20:32:03.984064,8211,CAM 4,1780225200,OK,
2026-06-04T20:32:04.199972,8211,CAM 4,1780232400,OK,
2026-06-04T20:32:04.434964,8211,CAM 4,1780236000,OK,
2026-06-04T20:32:04.677814,8211,CAM 4,1780239600,OK,
2026-06-04T20:32:04.908637,8211,CAM 4,1780246800,OK,
2026-06-04T20:32:05.223034,8211,CAM 4,1780250400,OK,
2026-06-04T20:32:05.563765,8211,CAM 4,1780290000,OK,
2026-06-04T20:32:05.766186,8211,CAM 4,1780293600,OK,
2026-06-04T20:32:06.044771,8211,CAM 4,1780300800,OK,
2026-06-04T20:32:06.565757,8211,CAM 4,1780304400,OK,
2026-06-04T20:32:06.948669,8211,CAM 4,1780308000,OK,
2026-06-04T20:32:07.359517,8211,CAM 4,1780311600,OK,
2026-06-04T20:32:07.814297,8211,CAM 4,1780318800,OK,
2026-06-04T20:32:08.355188,8211,CAM 4,1780322400,OK,
2026-06-04T20:32:08.702218,8211,CAM 4,1780326000,OK,
2026-06-04T20:32:08.927172,8211,CAM 4,1780329600,OK,
2026-06-04T20:32:09.185224,8211,CAM 4,1780336800,OK,
2026-06-04T20:32:09.405191,8211,CAM 4,1780376400,OK,
2026-06-04T20:32:09.669377,8211,CAM 4,1780383600,OK,
2026-06-04T20:32:09.970409,8211,CAM 4,1780387200,OK,
2026-06-04T20:32:10.290005,8211,CAM 4,1780390800,OK,
2026-06-04T20:32:10.716917,8211,CAM 4,1780394400,OK,
2026-06-04T20:32:11.088943,8211,CAM 4,1780405200,OK,
2026-06-04T20:32:11.449924,8211,CAM 4,1780408800,OK,
2026-06-04T20:32:12.094825,8211,CAM 4,1780412400,OK,
2026-06-04T20:32:12.371232,8211,CAM 4,1780416000,OK,
2026-06-04T20:32:12.687751,8211,CAM 4,1780419600,OK,
2026-06-04T20:32:12.909167,8211,CAM 4,1780423200,OK,
2026-06-04T20:32:13.225878,8211,CAM 4,1780462800,OK,
2026-06-04T20:32:13.514431,8211,CAM 4,1780466400,OK,
2026-06-04T20:32:13.783304,8211,CAM 4,1780470000,OK,
2026-06-04T20:32:14.045764,8211,CAM 4,1780473600,OK,
2026-06-04T20:32:14.329611,8211,CAM 4,1780477200,OK,
2026-06-04T20:32:14.644297,8211,CAM 4,1780480800,OK,
2026-06-04T20:32:15.049472,8211,CAM 4,1780484400,OK,
2026-06-04T20:32:15.344006,8211,CAM 4,1780491600,OK,
2026-06-04T20:32:15.607970,8211,CAM 4,1780495200,OK,
2026-06-04T20:32:15.901110,8211,CAM 4,1780498800,OK,
2026-06-04T20:32:16.119747,8211,CAM 4,1780506000,OK,
2026-06-04T20:32:16.329591,8211,CAM 4,1780509600,OK,
2026-06-04T20:32:16.581869,8211,CAM 4,1780552800,OK,
2026-06-04T20:32:16.814405,8211,CAM 4,1780556400,OK,
2026-06-04T20:32:17.028564,8211,CAM 4,1780560000,OK,
2026-06-04T20:32:17.281482,8211,CAM 4,1780563600,OK,
2026-06-04T20:32:17.575627,8211,CAM 4,1780567200,OK,
2026-06-04T20:32:17.795807,8211,CAM 4,1780570800,OK,
2026-06-04T20:32:18.206201,8211,CAM 4,1780578000,OK,
2026-06-04T20:32:18.585146,8211,CAM 4,1780581600,OK,
2026-06-04T20:32:19.013215,8211,CAM 4,1780585200,OK,
2026-06-04T20:32:19.432808,8211,CAM 4,1780588800,OK,
2026-06-04T20:32:19.827889,8211,CAM 4,1780592400,OK,
2026-06-04T20:32:20.320616,8211,CAM 4,1780596000,OK,
2026-06-04T20:32:21.121742,8212,CAM 3,1779469200,OK,
2026-06-04T20:32:21.513232,8212,CAM 3,1779472800,OK,
2026-06-04T20:32:21.896837,8212,CAM 3,1779512400,OK,
2026-06-04T20:32:22.282191,8212,CAM 3,1779516000,OK,
2026-06-04T20:32:22.750675,8212,CAM 3,1779523200,OK,
2026-06-04T20:32:23.037740,8212,CAM 3,1779526800,OK,
2026-06-04T20:32:23.407620,8212,CAM 3,1779530400,OK,
2026-06-04T20:32:23.702178,8212,CAM 3,1779534000,OK,
2026-06-04T20:32:24.065799,8212,CAM 3,1779541200,OK,
2026-06-04T20:32:24.609753,8212,CAM 3,1779544800,OK,
2026-06-04T20:32:24.896547,8212,CAM 3,1779548400,OK,
2026-06-04T20:32:25.166597,8212,CAM 3,1779552000,OK,
2026-06-04T20:32:25.730722,8212,CAM 3,1779555600,OK,
2026-06-04T20:32:26.062100,8212,CAM 3,1779559200,OK,
2026-06-04T20:32:26.270161,8212,CAM 3,1779598800,OK,
2026-06-04T20:32:26.555351,8212,CAM 3,1779602400,OK,
2026-06-04T20:32:26.845301,8212,CAM 3,1779606000,OK,
2026-06-04T20:32:27.161073,8212,CAM 3,1779609600,OK,
2026-06-04T20:32:27.452214,8212,CAM 3,1779620400,OK,
2026-06-04T20:32:27.726745,8212,CAM 3,1779627600,OK,
2026-06-04T20:32:28.015998,8212,CAM 3,1779634800,OK,
2026-06-04T20:32:28.267506,8212,CAM 3,1779638400,OK,
2026-06-04T20:32:28.510990,8212,CAM 3,1779642000,OK,
2026-06-04T20:32:28.731837,8212,CAM 3,1779645600,OK,
2026-06-04T20:32:28.984057,8212,CAM 3,1779685200,OK,
2026-06-04T20:32:29.329364,8212,CAM 3,1779688800,OK,
2026-06-04T20:32:29.620103,8212,CAM 3,1779692400,OK,
2026-06-04T20:32:29.870206,8212,CAM 3,1779696000,OK,
2026-06-04T20:32:30.239671,8212,CAM 3,1779699600,OK,
2026-06-04T20:32:30.635568,8212,CAM 3,1779703200,OK,
2026-06-04T20:32:31.011062,8212,CAM 3,1779706800,OK,
2026-06-04T20:32:31.420473,8212,CAM 3,1779714000,OK,
2026-06-04T20:32:31.835741,8212,CAM 3,1779717600,OK,
2026-06-04T20:32:32.277378,8212,CAM 3,1779721200,OK,
2026-06-04T20:32:32.837881,8212,CAM 3,1779724800,OK,
2026-06-04T20:32:33.291045,8212,CAM 3,1779728400,OK,
2026-06-04T20:32:33.710131,8212,CAM 3,1779732000,OK,
2026-06-04T20:32:34.101778,8212,CAM 3,1779771600,OK,
2026-06-04T20:32:34.613963,8212,CAM 3,1779775200,OK,
2026-06-04T20:32:34.990533,8212,CAM 3,1779778800,OK,
2026-06-04T20:32:35.387946,8212,CAM 3,1779779400,OK,
2026-06-04T20:32:35.774673,8212,CAM 3,1779780000,OK,
2026-06-04T20:32:36.096085,8212,CAM 3,1779780600,OK,
2026-06-04T20:32:36.476510,8212,CAM 3,1779781200,OK,
2026-06-04T20:32:36.782880,8212,CAM 3,1779781800,OK,
2026-06-04T20:32:37.151532,8212,CAM 3,1779782400,OK,
2026-06-04T20:32:37.532193,8212,CAM 3,1779784200,OK,
2026-06-04T20:32:37.886044,8212,CAM 3,1779786000,OK,
2026-06-04T20:32:38.282522,8212,CAM 3,1779787800,OK,
2026-06-04T20:32:38.712430,8212,CAM 3,1779789600,OK,
2026-06-04T20:32:39.180075,8212,CAM 3,1779791400,OK,
2026-06-04T20:32:39.523973,8212,CAM 3,1779793200,OK,
2026-06-04T20:32:39.905464,8212,CAM 3,1779800400,OK,
2026-06-04T20:32:40.315913,8212,CAM 3,1779804000,OK,
2026-06-04T20:32:40.681383,8212,CAM 3,1779807600,OK,
2026-06-04T20:32:41.067128,8212,CAM 3,1779811200,OK,
2026-06-04T20:32:41.512250,8212,CAM 3,1779814800,OK,
2026-06-04T20:32:41.909439,8212,CAM 3,1779818400,OK,
2026-06-04T20:32:42.244567,8212,CAM 3,1779858000,OK,
2026-06-04T20:32:42.638157,8212,CAM 3,1779861600,OK,
2026-06-04T20:32:43.007508,8212,CAM 3,1779865200,OK,
2026-06-04T20:32:43.412710,8212,CAM 3,1779868800,OK,
2026-06-04T20:32:43.678795,8212,CAM 3,1779872400,OK,
2026-06-04T20:32:43.933591,8212,CAM 3,1779876000,OK,
2026-06-04T20:32:44.188922,8212,CAM 3,1779879600,OK,
2026-06-04T20:32:44.531640,8212,CAM 3,1779886800,OK,
2026-06-04T20:32:44.805950,8212,CAM 3,1779890400,OK,
2026-06-04T20:32:45.082797,8212,CAM 3,1779894000,OK,
2026-06-04T20:32:45.356072,8212,CAM 3,1779897600,OK,
2026-06-04T20:32:45.643427,8212,CAM 3,1779901200,OK,
2026-06-04T20:32:45.876545,8212,CAM 3,1779904800,OK,
2026-06-04T20:32:46.083986,8212,CAM 3,1779944400,OK,
2026-06-04T20:32:46.649089,8212,CAM 3,1779948000,OK,
2026-06-04T20:32:46.904706,8212,CAM 3,1779951600,OK,
2026-06-04T20:32:47.157635,8212,CAM 3,1779955200,OK,
2026-06-04T20:32:47.446425,8212,CAM 3,1779958800,OK,
2026-06-04T20:32:47.673027,8212,CAM 3,1779962400,OK,
2026-06-04T20:32:47.903872,8212,CAM 3,1779966000,OK,
2026-06-04T20:32:48.106680,8212,CAM 3,1779973200,OK,
2026-06-04T20:32:48.326689,8212,CAM 3,1779976800,OK,
2026-06-04T20:32:48.579734,8212,CAM 3,1779980400,OK,
2026-06-04T20:32:48.796541,8212,CAM 3,1779984000,OK,
2026-06-04T20:32:49.043690,8212,CAM 3,1779987600,OK,
2026-06-04T20:32:49.316156,8212,CAM 3,1779991200,OK,
2026-06-04T20:32:49.772055,8212,CAM 3,1780030800,OK,
2026-06-04T20:32:50.166841,8212,CAM 3,1780034400,OK,
2026-06-04T20:32:50.559724,8212,CAM 3,1780038000,OK,
2026-06-04T20:32:50.984734,8212,CAM 3,1780041600,OK,
2026-06-04T20:32:51.391403,8212,CAM 3,1780045200,OK,
2026-06-04T20:32:51.815349,8212,CAM 3,1780052400,OK,
2026-06-04T20:32:52.241047,8212,CAM 3,1780059600,OK,
2026-06-04T20:32:52.776294,8212,CAM 3,1780063200,OK,
2026-06-04T20:32:53.313632,8212,CAM 3,1780066800,OK,
2026-06-04T20:32:53.770638,8212,CAM 3,1780070400,OK,
2026-06-04T20:32:54.131497,8212,CAM 3,1780074000,OK,
2026-06-04T20:32:54.503757,8212,CAM 3,1780077600,OK,
2026-06-04T20:32:54.905339,8212,CAM 3,1780117200,OK,
2026-06-04T20:32:55.352183,8212,CAM 3,1780120800,OK,
2026-06-04T20:32:55.899649,8212,CAM 3,1780124400,OK,
2026-06-04T20:32:56.435634,8212,CAM 3,1780128000,OK,
2026-06-04T20:32:56.859629,8212,CAM 3,1780131600,OK,
2026-06-04T20:32:57.372782,8212,CAM 3,1780135200,OK,
2026-06-04T20:32:57.744311,8212,CAM 3,1780138800,OK,
2026-06-04T20:32:58.297532,8212,CAM 3,1780146000,OK,
2026-06-04T20:32:58.806687,8212,CAM 3,1780149600,OK,
2026-06-04T20:32:59.269960,8212,CAM 3,1780153200,OK,
2026-06-04T20:32:59.583033,8212,CAM 3,1780156800,OK,
2026-06-04T20:33:00.099995,8212,CAM 3,1780160400,OK,
2026-06-04T20:33:01.081548,8212,CAM 3,1780164000,OK,
2026-06-04T20:33:01.419175,8212,CAM 3,1780203600,OK,
2026-06-04T20:33:01.897865,8212,CAM 3,1780207200,OK,
2026-06-04T20:33:02.295308,8212,CAM 3,1780210800,OK,
2026-06-04T20:33:02.686021,8212,CAM 3,1780214400,OK,
2026-06-04T20:33:03.083190,8212,CAM 3,1780218000,OK,
2026-06-04T20:33:03.476018,8212,CAM 3,1780221600,OK,
2026-06-04T20:33:03.874611,8212,CAM 3,1780232400,OK,
2026-06-04T20:33:04.224836,8212,CAM 3,1780239600,OK,
2026-06-04T20:33:04.644728,8212,CAM 3,1780243200,OK,
2026-06-04T20:33:05.603349,8212,CAM 3,1780246800,OK,
2026-06-04T20:33:05.813899,8212,CAM 3,1780250400,OK,
2026-06-04T20:33:06.041377,8212,CAM 3,1780290000,OK,
2026-06-04T20:33:06.259591,8212,CAM 3,1780293600,OK,
2026-06-04T20:33:06.605993,8212,CAM 3,1780297200,OK,
2026-06-04T20:33:06.941025,8212,CAM 3,1780300800,OK,
2026-06-04T20:33:07.241580,8212,CAM 3,1780304400,OK,
2026-06-04T20:33:07.495482,8212,CAM 3,1780308000,OK,
2026-06-04T20:33:07.784939,8212,CAM 3,1780311600,OK,
2026-06-04T20:33:08.010438,8212,CAM 3,1780318800,OK,
2026-06-04T20:33:08.329242,8212,CAM 3,1780322400,OK,
2026-06-04T20:33:08.575436,8212,CAM 3,1780326000,OK,
2026-06-04T20:33:08.771779,8212,CAM 3,1780329600,OK,
2026-06-04T20:33:08.967578,8212,CAM 3,1780333200,OK,
2026-06-04T20:33:09.159849,8212,CAM 3,1780336800,OK,
2026-06-04T20:33:09.372328,8212,CAM 3,1780376400,OK,
2026-06-04T20:33:09.598137,8212,CAM 3,1780380000,OK,
2026-06-04T20:33:09.791211,8212,CAM 3,1780383600,OK,
2026-06-04T20:33:09.992574,8212,CAM 3,1780387200,OK,
2026-06-04T20:33:10.243574,8212,CAM 3,1780390800,OK,
2026-06-04T20:33:10.516001,8212,CAM 3,1780394400,OK,
2026-06-04T20:33:10.746381,8212,CAM 3,1780398000,OK,
2026-06-04T20:33:10.966345,8212,CAM 3,1780405200,OK,
2026-06-04T20:33:11.167048,8212,CAM 3,1780408800,OK,
2026-06-04T20:33:11.391777,8212,CAM 3,1780412400,OK,
2026-06-04T20:33:11.611751,8212,CAM 3,1780416000,OK,
2026-06-04T20:33:11.847514,8212,CAM 3,1780419600,OK,
2026-06-04T20:33:12.051328,8212,CAM 3,1780423200,OK,
2026-06-04T20:33:12.268273,8212,CAM 3,1780462800,OK,
2026-06-04T20:33:12.631448,8212,CAM 3,1780466400,OK,
2026-06-04T20:33:12.936192,8212,CAM 3,1780470000,OK,
2026-06-04T20:33:13.145165,8212,CAM 3,1780473600,OK,
2026-06-04T20:33:13.366869,8212,CAM 3,1780477200,OK,
2026-06-04T20:33:13.657190,8212,CAM 3,1780480800,OK,
2026-06-04T20:33:13.936239,8212,CAM 3,1780484400,OK,
2026-06-04T20:33:14.169137,8212,CAM 3,1780491600,OK,
2026-06-04T20:33:14.532748,8212,CAM 3,1780495200,OK,
2026-06-04T20:33:14.927742,8212,CAM 3,1780498800,OK,
2026-06-04T20:33:15.147101,8212,CAM 3,1780502400,OK,
2026-06-04T20:33:15.406628,8212,CAM 3,1780506000,OK,
2026-06-04T20:33:15.611540,8212,CAM 3,1780509600,OK,
2026-06-04T20:33:15.807247,8212,CAM 3,1780549200,OK,
2026-06-04T20:33:16.058741,8212,CAM 3,1780552800,OK,
2026-06-04T20:33:16.280475,8212,CAM 3,1780556400,OK,
2026-06-04T20:33:16.522396,8212,CAM 3,1780560000,OK,
2026-06-04T20:33:16.727045,8212,CAM 3,1780563600,OK,
2026-06-04T20:33:16.939847,8212,CAM 3,1780567200,OK,
2026-06-04T20:33:17.167882,8212,CAM 3,1780570800,OK,
2026-06-04T20:33:17.381482,8212,CAM 3,1780578000,OK,
2026-06-04T20:33:17.632668,8212,CAM 3,1780581600,OK,
2026-06-04T20:33:17.967716,8212,CAM 3,1780585200,OK,
2026-06-04T20:33:18.203677,8212,CAM 3,1780588800,OK,
2026-06-04T20:33:18.426534,8212,CAM 3,1780592400,OK,
2026-06-04T20:33:18.634192,8212,CAM 3,1780596000,OK,
2026-06-04T20:33:19.364667,8213,CAM 1,1779469200,OK,
2026-06-04T20:33:19.677596,8213,CAM 1,1779472800,OK,
2026-06-04T20:33:19.896208,8213,CAM 1,1779512400,OK,
2026-06-04T20:33:20.092739,8213,CAM 1,1779516000,OK,
2026-06-04T20:33:20.412119,8213,CAM 1,1779523200,OK,
2026-06-04T20:33:20.688407,8213,CAM 1,1779526800,OK,
2026-06-04T20:33:20.909415,8213,CAM 1,1779530400,OK,
2026-06-04T20:33:21.128159,8213,CAM 1,1779534000,OK,
2026-06-04T20:33:21.350817,8213,CAM 1,1779541200,OK,
2026-06-04T20:33:21.599219,8213,CAM 1,1779544800,OK,
2026-06-04T20:33:21.836876,8213,CAM 1,1779548400,OK,
2026-06-04T20:33:22.028491,8213,CAM 1,1779552000,OK,
2026-06-04T20:33:22.227814,8213,CAM 1,1779555600,OK,
2026-06-04T20:33:22.444038,8213,CAM 1,1779559200,OK,
2026-06-04T20:33:22.650965,8213,CAM 1,1779598800,OK,
2026-06-04T20:33:22.871745,8213,CAM 1,1779602400,OK,
2026-06-04T20:33:23.067370,8213,CAM 1,1779606000,OK,
2026-06-04T20:33:23.273315,8213,CAM 1,1779609600,OK,
2026-06-04T20:33:23.492051,8213,CAM 1,1779613200,OK,
2026-06-04T20:33:23.705369,8213,CAM 1,1779616800,OK,
2026-06-04T20:33:23.931825,8213,CAM 1,1779620400,OK,
2026-06-04T20:33:24.125877,8213,CAM 1,1779627600,OK,
2026-06-04T20:33:24.386217,8213,CAM 1,1779631200,OK,
2026-06-04T20:33:24.626912,8213,CAM 1,1779634800,OK,
2026-06-04T20:33:24.830203,8213,CAM 1,1779638400,OK,
2026-06-04T20:33:25.025209,8213,CAM 1,1779642000,OK,
2026-06-04T20:33:25.412748,8213,CAM 1,1779645600,OK,
2026-06-04T20:33:25.705952,8213,CAM 1,1779685200,OK,
2026-06-04T20:33:26.185301,8213,CAM 1,1779688800,OK,
2026-06-04T20:33:26.511111,8213,CAM 1,1779692400,OK,
2026-06-04T20:33:26.870784,8213,CAM 1,1779696000,OK,
2026-06-04T20:33:27.215273,8213,CAM 1,1779699600,OK,
2026-06-04T20:33:27.599135,8213,CAM 1,1779703200,OK,
2026-06-04T20:33:28.072610,8213,CAM 1,1779706800,OK,
2026-06-04T20:33:28.471168,8213,CAM 1,1779714000,OK,
2026-06-04T20:33:28.662430,8213,CAM 1,1779717600,OK,
2026-06-04T20:33:28.857430,8213,CAM 1,1779721200,OK,
2026-06-04T20:33:29.050476,8213,CAM 1,1779724800,OK,
2026-06-04T20:33:29.252508,8213,CAM 1,1779728400,OK,
2026-06-04T20:33:29.451054,8213,CAM 1,1779732000,OK,
2026-06-04T20:33:29.639992,8213,CAM 1,1779771600,OK,
2026-06-04T20:33:29.836368,8213,CAM 1,1779775200,OK,
2026-06-04T20:33:30.028642,8213,CAM 1,1779778800,OK,
2026-06-04T20:33:30.261497,8213,CAM 1,1779779700,OK,
2026-06-04T20:33:30.476288,8213,CAM 1,1779780600,OK,
2026-06-04T20:33:30.674358,8213,CAM 1,1779781500,OK,
2026-06-04T20:33:31.042817,8213,CAM 1,1779782400,OK,
2026-06-04T20:33:31.308358,8213,CAM 1,1779783300,OK,
2026-06-04T20:33:31.543693,8213,CAM 1,1779784200,OK,
2026-06-04T20:33:31.746736,8213,CAM 1,1779785100,OK,
2026-06-04T20:33:31.984301,8213,CAM 1,1779786000,OK,
2026-06-04T20:33:32.200766,8213,CAM 1,1779786900,OK,
2026-06-04T20:33:32.404878,8213,CAM 1,1779787800,OK,
2026-06-04T20:33:32.658677,8213,CAM 1,1779788400,OK,
2026-06-04T20:33:33.077580,8213,CAM 1,1779789000,OK,
2026-06-04T20:33:33.285729,8213,CAM 1,1779789600,OK,
2026-06-04T20:33:33.527209,8213,CAM 1,1779790200,OK,
2026-06-04T20:33:33.751079,8213,CAM 1,1779790800,OK,
2026-06-04T20:33:33.966411,8213,CAM 1,1779791400,OK,
2026-06-04T20:33:34.187205,8213,CAM 1,1779792000,OK,
2026-06-04T20:33:34.421167,8213,CAM 1,1779792600,OK,
2026-06-04T20:33:34.654470,8213,CAM 1,1779793200,OK,
2026-06-04T20:33:34.856251,8213,CAM 1,1779800400,OK,
2026-06-04T20:33:35.072502,8213,CAM 1,1779804000,OK,
2026-06-04T20:33:35.396867,8213,CAM 1,1779807600,OK,
2026-06-04T20:33:35.621383,8213,CAM 1,1779811200,OK,
2026-06-04T20:33:35.841818,8213,CAM 1,1779814800,OK,
2026-06-04T20:33:36.370713,8213,CAM 1,1779818400,OK,
2026-06-04T20:33:36.940937,8213,CAM 1,1779858000,OK,
2026-06-04T20:33:37.452837,8213,CAM 1,1779861600,OK,
2026-06-04T20:33:37.800957,8213,CAM 1,1779865200,OK,
2026-06-04T20:33:38.120343,8213,CAM 1,1779868800,OK,
2026-06-04T20:33:38.350555,8213,CAM 1,1779872400,OK,
2026-06-04T20:33:38.570424,8213,CAM 1,1779876000,OK,
2026-06-04T20:33:38.756984,8213,CAM 1,1779879600,OK,
2026-06-04T20:33:38.933534,8213,CAM 1,1779886800,OK,
2026-06-04T20:33:39.117303,8213,CAM 1,1779890400,OK,
2026-06-04T20:33:39.295139,8213,CAM 1,1779894000,OK,
2026-06-04T20:33:39.492520,8213,CAM 1,1779897600,OK,
2026-06-04T20:33:39.699499,8213,CAM 1,1779901200,OK,
2026-06-04T20:33:39.879640,8213,CAM 1,1779904800,OK,
2026-06-04T20:33:40.086137,8213,CAM 1,1779944400,OK,
2026-06-04T20:33:40.282134,8213,CAM 1,1779948000,OK,
2026-06-04T20:33:40.477186,8213,CAM 1,1779951600,OK,
2026-06-04T20:33:40.660768,8213,CAM 1,1779955200,OK,
2026-06-04T20:33:40.866257,8213,CAM 1,1779958800,OK,
2026-06-04T20:33:41.096548,8213,CAM 1,1779962400,OK,
2026-06-04T20:33:41.279235,8213,CAM 1,1779966000,OK,
2026-06-04T20:33:41.482572,8213,CAM 1,1779973200,OK,
2026-06-04T20:33:41.660299,8213,CAM 1,1779976800,OK,
2026-06-04T20:33:41.840969,8213,CAM 1,1779980400,OK,
2026-06-04T20:33:42.024063,8213,CAM 1,1779984000,OK,
2026-06-04T20:33:42.212471,8213,CAM 1,1779987600,OK,
2026-06-04T20:33:42.434803,8213,CAM 1,1779991200,OK,
2026-06-04T20:33:42.593965,8213,CAM 1,1780030800,OK,
2026-06-04T20:33:42.747859,8213,CAM 1,1780034400,OK,
2026-06-04T20:33:42.955643,8213,CAM 1,1780038000,OK,
2026-06-04T20:33:43.152018,8213,CAM 1,1780041600,OK,
2026-06-04T20:33:43.373709,8213,CAM 1,1780045200,OK,
2026-06-04T20:33:43.620992,8213,CAM 1,1780048800,OK,
2026-06-04T20:33:43.830270,8213,CAM 1,1780052400,OK,
2026-06-04T20:33:44.438146,8213,CAM 1,1780059600,OK,
2026-06-04T20:33:44.797875,8213,CAM 1,1780063200,OK,
2026-06-04T20:33:45.070549,8213,CAM 1,1780066800,OK,
2026-06-04T20:33:45.310449,8213,CAM 1,1780070400,OK,
2026-06-04T20:33:45.544405,8213,CAM 1,1780074000,OK,
2026-06-04T20:33:45.766213,8213,CAM 1,1780077600,OK,
2026-06-04T20:33:45.928202,8213,CAM 1,1780117200,OK,
2026-06-04T20:33:46.154214,8213,CAM 1,1780120800,OK,
2026-06-04T20:33:46.380940,8213,CAM 1,1780124400,OK,
2026-06-04T20:33:46.587953,8213,CAM 1,1780128000,OK,
2026-06-04T20:33:46.811500,8213,CAM 1,1780131600,OK,
2026-06-04T20:33:47.037918,8213,CAM 1,1780135200,OK,
2026-06-04T20:33:47.247434,8213,CAM 1,1780138800,OK,
2026-06-04T20:33:47.460394,8213,CAM 1,1780146000,OK,
2026-06-04T20:33:47.665907,8213,CAM 1,1780149600,OK,
2026-06-04T20:33:47.915679,8213,CAM 1,1780153200,OK,
2026-06-04T20:33:48.074293,8213,CAM 1,1780156800,OK,
2026-06-04T20:33:48.273037,8213,CAM 1,1780160400,OK,
2026-06-04T20:33:48.432080,8213,CAM 1,1780164000,OK,
2026-06-04T20:33:48.589128,8213,CAM 1,1780203600,OK,
2026-06-04T20:33:48.746724,8213,CAM 1,1780207200,OK,
2026-06-04T20:33:48.944701,8213,CAM 1,1780210800,OK,
2026-06-04T20:33:49.098596,8213,CAM 1,1780214400,OK,
2026-06-04T20:33:49.254972,8213,CAM 1,1780218000,OK,
2026-06-04T20:33:49.420591,8213,CAM 1,1780221600,OK,
2026-06-04T20:33:49.572408,8213,CAM 1,1780225200,OK,
2026-06-04T20:33:49.761988,8213,CAM 1,1780232400,OK,
2026-06-04T20:33:49.913959,8213,CAM 1,1780236000,OK,
2026-06-04T20:33:50.076840,8213,CAM 1,1780239600,OK,
2026-06-04T20:33:50.247808,8213,CAM 1,1780243200,OK,
2026-06-04T20:33:50.397933,8213,CAM 1,1780246800,OK,
2026-06-04T20:33:50.553652,8213,CAM 1,1780250400,OK,
2026-06-04T20:33:50.729873,8213,CAM 1,1780290000,OK,
2026-06-04T20:33:50.901859,8213,CAM 1,1780293600,OK,
2026-06-04T20:33:51.055260,8213,CAM 1,1780297200,OK,
2026-06-04T20:33:51.263066,8213,CAM 1,1780300800,OK,
2026-06-04T20:33:51.510067,8213,CAM 1,1780304400,OK,
2026-06-04T20:33:51.666861,8213,CAM 1,1780308000,OK,
2026-06-04T20:33:51.858179,8213,CAM 1,1780311600,OK,
2026-06-04T20:33:52.019169,8213,CAM 1,1780318800,OK,
2026-06-04T20:33:52.179871,8213,CAM 1,1780322400,OK,
2026-06-04T20:33:52.332691,8213,CAM 1,1780326000,OK,
2026-06-04T20:33:52.559786,8213,CAM 1,1780329600,OK,
2026-06-04T20:33:52.723368,8213,CAM 1,1780333200,OK,
2026-06-04T20:33:52.885959,8213,CAM 1,1780336800,OK,
2026-06-04T20:33:53.039494,8213,CAM 1,1780376400,OK,
2026-06-04T20:33:53.190290,8213,CAM 1,1780380000,OK,
2026-06-04T20:33:53.341779,8213,CAM 1,1780383600,OK,
2026-06-04T20:33:53.509060,8213,CAM 1,1780387200,OK,
2026-06-04T20:33:53.720912,8213,CAM 1,1780390800,OK,
2026-06-04T20:33:53.901865,8213,CAM 1,1780394400,OK,
2026-06-04T20:33:54.066515,8213,CAM 1,1780398000,OK,
2026-06-04T20:33:54.231283,8213,CAM 1,1780405200,OK,
2026-06-04T20:33:54.391669,8213,CAM 1,1780408800,OK,
2026-06-04T20:33:54.543040,8213,CAM 1,1780412400,OK,
2026-06-04T20:33:54.706668,8213,CAM 1,1780416000,OK,
2026-06-04T20:33:54.854103,8213,CAM 1,1780419600,OK,
2026-06-04T20:33:55.011866,8213,CAM 1,1780423200,OK,
2026-06-04T20:33:55.188742,8213,CAM 1,1780462800,OK,
2026-06-04T20:33:55.343685,8213,CAM 1,1780466400,OK,
2026-06-04T20:33:55.509728,8213,CAM 1,1780470000,OK,
2026-06-04T20:33:55.660793,8213,CAM 1,1780473600,OK,
2026-06-04T20:33:55.815738,8213,CAM 1,1780477200,OK,
2026-06-04T20:33:55.972846,8213,CAM 1,1780480800,OK,
2026-06-04T20:33:56.144885,8213,CAM 1,1780484400,OK,
2026-06-04T20:33:56.316589,8213,CAM 1,1780491600,OK,
2026-06-04T20:33:56.477109,8213,CAM 1,1780495200,OK,
2026-06-04T20:33:56.627161,8213,CAM 1,1780498800,OK,
2026-06-04T20:33:56.815205,8213,CAM 1,1780502400,OK,
2026-06-04T20:33:56.991928,8213,CAM 1,1780506000,OK,
2026-06-04T20:33:57.159422,8213,CAM 1,1780509600,OK,
2026-06-04T20:33:57.331632,8213,CAM 1,1780549200,OK,
2026-06-04T20:33:57.500830,8213,CAM 1,1780552800,OK,
2026-06-04T20:33:57.654933,8213,CAM 1,1780556400,OK,
2026-06-04T20:33:57.801284,8213,CAM 1,1780560000,OK,
2026-06-04T20:33:57.984335,8213,CAM 1,1780563600,OK,
2026-06-04T20:33:58.167108,8213,CAM 1,1780567200,OK,
2026-06-04T20:33:58.317169,8213,CAM 1,1780570800,OK,
2026-06-04T20:33:58.481690,8213,CAM 1,1780578000,OK,
2026-06-04T20:33:58.638794,8213,CAM 1,1780581600,OK,
2026-06-04T20:33:58.794418,8213,CAM 1,1780585200,OK,
2026-06-04T20:33:58.946782,8213,CAM 1,1780588800,OK,
2026-06-04T20:33:59.278526,8213,CAM 1,1780592400,OK,
2026-06-04T20:33:59.432013,8213,CAM 1,1780596000,OK,
2026-06-04T20:33:59.768876,8214,CAM 2,1779469200,OK,
2026-06-04T20:34:00.000552,8214,CAM 2,1779472800,OK,
2026-06-04T20:34:00.157965,8214,CAM 2,1779512400,OK,
2026-06-04T20:34:00.415391,8214,CAM 2,1779516000,OK,
2026-06-04T20:34:00.646097,8214,CAM 2,1779519600,OK,
2026-06-04T20:34:00.870503,8214,CAM 2,1779523200,OK,
2026-06-04T20:34:01.093145,8214,CAM 2,1779526800,OK,
2026-06-04T20:34:01.337333,8214,CAM 2,1779530400,OK,
2026-06-04T20:34:01.522490,8214,CAM 2,1779534000,OK,
2026-06-04T20:34:01.685695,8214,CAM 2,1779541200,OK,
2026-06-04T20:34:01.859354,8214,CAM 2,1779544800,OK,
2026-06-04T20:34:02.019266,8214,CAM 2,1779548400,OK,
2026-06-04T20:34:02.368421,8214,CAM 2,1779552000,OK,
2026-06-04T20:34:02.616057,8214,CAM 2,1779555600,OK,
2026-06-04T20:34:02.782408,8214,CAM 2,1779559200,OK,
2026-06-04T20:34:03.029450,8214,CAM 2,1779598800,OK,
2026-06-04T20:34:03.851731,8214,CAM 2,1779602400,OK,
2026-06-04T20:34:04.299211,8214,CAM 2,1779606000,OK,
2026-06-04T20:34:04.622976,8214,CAM 2,1779609600,OK,
2026-06-04T20:34:04.893496,8214,CAM 2,1779613200,OK,
2026-06-04T20:34:05.186681,8214,CAM 2,1779616800,OK,
2026-06-04T20:34:05.449074,8214,CAM 2,1779620400,OK,
2026-06-04T20:34:05.659968,8214,CAM 2,1779627600,OK,
2026-06-04T20:34:05.892620,8214,CAM 2,1779631200,OK,
2026-06-04T20:34:06.114343,8214,CAM 2,1779634800,OK,
2026-06-04T20:34:06.342093,8214,CAM 2,1779638400,OK,
2026-06-04T20:34:06.568430,8214,CAM 2,1779642000,OK,
2026-06-04T20:34:06.816287,8214,CAM 2,1779645600,OK,
2026-06-04T20:34:07.035038,8214,CAM 2,1779685200,OK,
2026-06-04T20:34:07.275388,8214,CAM 2,1779688800,OK,
2026-06-04T20:34:07.526798,8214,CAM 2,1779692400,OK,
2026-06-04T20:34:07.744889,8214,CAM 2,1779696000,OK,
2026-06-04T20:34:07.979112,8214,CAM 2,1779699600,OK,
2026-06-04T20:34:08.168305,8214,CAM 2,1779703200,OK,
2026-06-04T20:34:08.370925,8214,CAM 2,1779706800,OK,
2026-06-04T20:34:08.607553,8214,CAM 2,1779714000,OK,
2026-06-04T20:34:08.822177,8214,CAM 2,1779717600,OK,
2026-06-04T20:34:09.244711,8214,CAM 2,1779721200,OK,
2026-06-04T20:34:09.430590,8214,CAM 2,1779724800,OK,
2026-06-04T20:34:09.690100,8214,CAM 2,1779728400,OK,
2026-06-04T20:34:10.047609,8214,CAM 2,1779732000,OK,
2026-06-04T20:34:10.322867,8214,CAM 2,1779771600,OK,
2026-06-04T20:34:10.688509,8214,CAM 2,1779775200,OK,
2026-06-04T20:34:10.913193,8214,CAM 2,1779778800,OK,
2026-06-04T20:34:11.150859,8214,CAM 2,1779779400,OK,
2026-06-04T20:34:11.371452,8214,CAM 2,1779780000,OK,
2026-06-04T20:34:11.927902,8214,CAM 2,1779780600,OK,
2026-06-04T20:34:12.149497,8214,CAM 2,1779781200,OK,
2026-06-04T20:34:12.375894,8214,CAM 2,1779781800,OK,
2026-06-04T20:34:12.600007,8214,CAM 2,1779782400,OK,
2026-06-04T20:34:12.764296,8214,CAM 2,1779783000,OK,
2026-06-04T20:34:12.937323,8214,CAM 2,1779783600,OK,
2026-06-04T20:34:13.099066,8214,CAM 2,1779784200,OK,
2026-06-04T20:34:13.262465,8214,CAM 2,1779784800,OK,
2026-06-04T20:34:13.458035,8214,CAM 2,1779785400,OK,
2026-06-04T20:34:13.623295,8214,CAM 2,1779786000,OK,
2026-06-04T20:34:13.803137,8214,CAM 2,1779786600,OK,
2026-06-04T20:34:13.980937,8214,CAM 2,1779787200,OK,
2026-06-04T20:34:14.148699,8214,CAM 2,1779787800,OK,
2026-06-04T20:34:14.317653,8214,CAM 2,1779788400,OK,
2026-06-04T20:34:14.507727,8214,CAM 2,1779789000,OK,
2026-06-04T20:34:14.677847,8214,CAM 2,1779789600,OK,
2026-06-04T20:34:14.857290,8214,CAM 2,1779790200,OK,
2026-06-04T20:34:15.032529,8214,CAM 2,1779790800,OK,
2026-06-04T20:34:15.210715,8214,CAM 2,1779791400,OK,
2026-06-04T20:34:15.383886,8214,CAM 2,1779792000,OK,
2026-06-04T20:34:15.591947,8214,CAM 2,1779793200,OK,
2026-06-04T20:34:15.788561,8214,CAM 2,1779800400,OK,
2026-06-04T20:34:15.954705,8214,CAM 2,1779804000,OK,
2026-06-04T20:34:16.350545,8214,CAM 2,1779807600,OK,
2026-06-04T20:34:16.541240,8214,CAM 2,1779811200,OK,
2026-06-04T20:34:16.725519,8214,CAM 2,1779814800,OK,
2026-06-04T20:34:16.908591,8214,CAM 2,1779818400,OK,
2026-06-04T20:34:17.079478,8214,CAM 2,1779858000,OK,
2026-06-04T20:34:17.310522,8214,CAM 2,1779861600,OK,
2026-06-04T20:34:17.710096,8214,CAM 2,1779865200,OK,
2026-06-04T20:34:17.893014,8214,CAM 2,1779868800,OK,
2026-06-04T20:34:18.072230,8214,CAM 2,1779872400,OK,
2026-06-04T20:34:18.259422,8214,CAM 2,1779876000,OK,
2026-06-04T20:34:18.436203,8214,CAM 2,1779879600,OK,
2026-06-04T20:34:18.785581,8214,CAM 2,1779886800,OK,
2026-06-04T20:34:18.956303,8214,CAM 2,1779890400,OK,
2026-06-04T20:34:19.111517,8214,CAM 2,1779894000,OK,
2026-06-04T20:34:19.283860,8214,CAM 2,1779897600,OK,
2026-06-04T20:34:19.464655,8214,CAM 2,1779901200,OK,
2026-06-04T20:34:19.647240,8214,CAM 2,1779904800,OK,
2026-06-04T20:34:19.814979,8214,CAM 2,1779944400,OK,
2026-06-04T20:34:19.989909,8214,CAM 2,1779948000,OK,
2026-06-04T20:34:20.216069,8214,CAM 2,1779951600,OK,
2026-06-04T20:34:20.374396,8214,CAM 2,1779955200,OK,
2026-06-04T20:34:20.552371,8214,CAM 2,1779958800,OK,
2026-06-04T20:34:20.709434,8214,CAM 2,1779962400,OK,
2026-06-04T20:34:20.864432,8214,CAM 2,1779966000,OK,
2026-06-04T20:34:21.042958,8214,CAM 2,1779973200,OK,
2026-06-04T20:34:21.203556,8214,CAM 2,1779976800,OK,
2026-06-04T20:34:21.364787,8214,CAM 2,1779980400,OK,
2026-06-04T20:34:21.529871,8214,CAM 2,1779984000,OK,
2026-06-04T20:34:21.698829,8214,CAM 2,1779987600,OK,
2026-06-04T20:34:21.869054,8214,CAM 2,1779991200,OK,
2026-06-04T20:34:22.041534,8214,CAM 2,1780030800,OK,
2026-06-04T20:34:22.212351,8214,CAM 2,1780034400,OK,
2026-06-04T20:34:22.581655,8214,CAM 2,1780038000,OK,
2026-06-04T20:34:22.756816,8214,CAM 2,1780041600,OK,
2026-06-04T20:34:22.933219,8214,CAM 2,1780045200,OK,
2026-06-04T20:34:23.094368,8214,CAM 2,1780048800,OK,
2026-06-04T20:34:23.270491,8214,CAM 2,1780052400,OK,
2026-06-04T20:34:23.425921,8214,CAM 2,1780059600,OK,
2026-06-04T20:34:23.598616,8214,CAM 2,1780063200,OK,
2026-06-04T20:34:23.755160,8214,CAM 2,1780066800,OK,
2026-06-04T20:34:23.920177,8214,CAM 2,1780070400,OK,
2026-06-04T20:34:24.096519,8214,CAM 2,1780074000,OK,
2026-06-04T20:34:24.276866,8214,CAM 2,1780077600,OK,
2026-06-04T20:34:24.438464,8214,CAM 2,1780117200,OK,
2026-06-04T20:34:24.596584,8214,CAM 2,1780120800,OK,
2026-06-04T20:34:24.768073,8214,CAM 2,1780124400,OK,
2026-06-04T20:34:24.933800,8214,CAM 2,1780128000,OK,
2026-06-04T20:34:25.151670,8214,CAM 2,1780131600,OK,
2026-06-04T20:34:25.752786,8214,CAM 2,1780135200,OK,
2026-06-04T20:34:25.961474,8214,CAM 2,1780138800,OK,
2026-06-04T20:34:26.131116,8214,CAM 2,1780146000,OK,
2026-06-04T20:34:26.302866,8214,CAM 2,1780149600,OK,
2026-06-04T20:34:26.539127,8214,CAM 2,1780153200,OK,
2026-06-04T20:34:26.698054,8214,CAM 2,1780156800,OK,
2026-06-04T20:34:26.853946,8214,CAM 2,1780160400,OK,
2026-06-04T20:34:27.017039,8214,CAM 2,1780164000,OK,
2026-06-04T20:34:27.185065,8214,CAM 2,1780203600,OK,
2026-06-04T20:34:27.535648,8214,CAM 2,1780207200,OK,
2026-06-04T20:34:27.706693,8214,CAM 2,1780210800,OK,
2026-06-04T20:34:27.872555,8214,CAM 2,1780214400,OK,
2026-06-04T20:34:28.028903,8214,CAM 2,1780218000,OK,
2026-06-04T20:34:28.212144,8214,CAM 2,1780221600,OK,
2026-06-04T20:34:28.379056,8214,CAM 2,1780225200,OK,
2026-06-04T20:34:28.550299,8214,CAM 2,1780232400,OK,
2026-06-04T20:34:28.716842,8214,CAM 2,1780236000,OK,
2026-06-04T20:34:28.873906,8214,CAM 2,1780239600,OK,
2026-06-04T20:34:29.036442,8214,CAM 2,1780243200,OK,
2026-06-04T20:34:29.199709,8214,CAM 2,1780246800,OK,
2026-06-04T20:34:29.355322,8214,CAM 2,1780250400,OK,
2026-06-04T20:34:29.522264,8214,CAM 2,1780290000,OK,
2026-06-04T20:34:29.736078,8214,CAM 2,1780293600,OK,
2026-06-04T20:34:29.901804,8214,CAM 2,1780297200,OK,
2026-06-04T20:34:30.068683,8214,CAM 2,1780300800,OK,
2026-06-04T20:34:30.252764,8214,CAM 2,1780304400,OK,
2026-06-04T20:34:30.430593,8214,CAM 2,1780308000,OK,
2026-06-04T20:34:30.614986,8214,CAM 2,1780311600,OK,
2026-06-04T20:34:30.772039,8214,CAM 2,1780318800,OK,
2026-06-04T20:34:30.929504,8214,CAM 2,1780322400,OK,
2026-06-04T20:34:31.088254,8214,CAM 2,1780326000,OK,
2026-06-04T20:34:31.252724,8214,CAM 2,1780329600,OK,
2026-06-04T20:34:31.427917,8214,CAM 2,1780333200,OK,
2026-06-04T20:34:31.589163,8214,CAM 2,1780336800,OK,
2026-06-04T20:34:31.744829,8214,CAM 2,1780376400,OK,
2026-06-04T20:34:31.915472,8214,CAM 2,1780380000,OK,
2026-06-04T20:34:32.109214,8214,CAM 2,1780383600,OK,
2026-06-04T20:34:32.301457,8214,CAM 2,1780387200,OK,
2026-06-04T20:34:32.466162,8214,CAM 2,1780390800,OK,
2026-06-04T20:34:32.630679,8214,CAM 2,1780394400,OK,
2026-06-04T20:34:32.808862,8214,CAM 2,1780398000,OK,
2026-06-04T20:34:32.984533,8214,CAM 2,1780405200,OK,
2026-06-04T20:34:33.150296,8214,CAM 2,1780408800,OK,
2026-06-04T20:34:33.303967,8214,CAM 2,1780412400,OK,
2026-06-04T20:34:33.467100,8214,CAM 2,1780416000,OK,
2026-06-04T20:34:33.622893,8214,CAM 2,1780419600,OK,
2026-06-04T20:34:33.786282,8214,CAM 2,1780423200,OK,
2026-06-04T20:34:33.944162,8214,CAM 2,1780462800,OK,
2026-06-04T20:34:34.104747,8214,CAM 2,1780466400,OK,
2026-06-04T20:34:34.283734,8214,CAM 2,1780470000,OK,
2026-06-04T20:34:34.446716,8214,CAM 2,1780473600,OK,
2026-06-04T20:34:34.619862,8214,CAM 2,1780477200,OK,
2026-06-04T20:34:34.781069,8214,CAM 2,1780480800,OK,
2026-06-04T20:34:34.963602,8214,CAM 2,1780484400,OK,
2026-06-04T20:34:35.126168,8214,CAM 2,1780491600,OK,
2026-06-04T20:34:35.280107,8214,CAM 2,1780495200,OK,
2026-06-04T20:34:35.449230,8214,CAM 2,1780498800,OK,
2026-06-04T20:34:35.636742,8214,CAM 2,1780502400,OK,
2026-06-04T20:34:35.795687,8214,CAM 2,1780506000,OK,
2026-06-04T20:34:35.970383,8214,CAM 2,1780509600,OK,
2026-06-04T20:34:36.145900,8214,CAM 2,1780549200,OK,
2026-06-04T20:34:36.323171,8214,CAM 2,1780552800,OK,
2026-06-04T20:34:36.535844,8214,CAM 2,1780556400,OK,
2026-06-04T20:34:36.707733,8214,CAM 2,1780560000,OK,
2026-06-04T20:34:36.880897,8214,CAM 2,1780563600,OK,
2026-06-04T20:34:37.087814,8214,CAM 2,1780567200,OK,
2026-06-04T20:34:37.332990,8214,CAM 2,1780570800,OK,
2026-06-04T20:34:37.565310,8214,CAM 2,1780578000,OK,
2026-06-04T20:34:37.975654,8214,CAM 2,1780581600,OK,
2026-06-04T20:34:38.210526,8214,CAM 2,1780585200,OK,
2026-06-04T20:34:38.436870,8214,CAM 2,1780588800,OK,
2026-06-04T20:34:38.675381,8214,CAM 2,1780592400,OK,
2026-06-04T20:34:38.854508,8214,CAM 2,1780596000,OK,
2026-08-11T21:33:36.604064,8213,PTM61471,1785826800,OK,
2026-08-11T21:33:36.820402,8213,PTM61471,1785830400,OK,
2026-08-11T21:33:36.984076,8213,PTM61471,1785834000,OK,
2026-08-11T21:33:37.147119,8213,PTM61471,1785837600,OK,
2026-08-11T21:33:37.320468,8213,PTM61471,1785841200,OK,
2026-08-11T21:33:37.484403,8213,PTM61471,1785844800,OK,
2026-08-11T21:33:37.645042,8213,PTM61471,1785848400,OK,
2026-08-11T21:33:37.822968,8213,PTM61471,1785852000,OK,
2026-08-11T21:33:37.984773,8213,PTM61471,1785855600,OK,
2026-08-11T21:33:38.147337,8213,PTM61471,1785859200,OK,
2026-08-11T21:33:38.311231,8213,PTM61471,1785862800,OK,
2026-08-11T21:33:38.461646,8213,PTM61471,1785913200,OK,
2026-08-11T21:33:38.616770,8213,PTM61471,1785916800,OK,
2026-08-11T21:33:38.779675,8213,PTM61471,1785920400,OK,
2026-08-11T21:33:38.946136,8213,PTM61471,1785924000,OK,
2026-08-11T21:33:39.108235,8213,PTM61471,1785927600,OK,
2026-08-11T21:33:39.265954,8213,PTM61471,1785931200,OK,
2026-08-11T21:33:39.421757,8213,PTM61471,1785934800,OK,
2026-08-11T21:33:39.579626,8213,PTM61471,1785938400,OK,
2026-08-11T21:33:39.744729,8213,PTM61471,1785942000,OK,
2026-08-11T21:33:39.899054,8213,PTM61471,1785945600,OK,
2026-08-11T21:33:40.063258,8213,PTM61471,1785949200,OK,
2026-08-11T21:33:40.231757,8213,PTM61471,1785999600,OK,
2026-08-11T21:33:40.407352,8213,PTM61471,1786003200,OK,
2026-08-11T21:33:40.570389,8213,PTM61471,1786006800,OK,
2026-08-11T21:33:40.737242,8213,PTM61471,1786010400,OK,
2026-08-11T21:33:40.902714,8213,PTM61471,1786014000,OK,
2026-08-11T21:33:41.051810,8213,PTM61471,1786017600,OK,
2026-08-11T21:33:41.227109,8213,PTM61471,1786021200,OK,
2026-08-11T21:33:41.387959,8213,PTM61471,1786024800,OK,
2026-08-11T21:33:41.542867,8213,PTM61471,1786028400,OK,
2026-08-11T21:33:41.702519,8213,PTM61471,1786032000,OK,
2026-08-11T21:33:41.860252,8213,PTM61471,1786035600,OK,
2026-08-11T21:33:42.011182,8213,PTM61471,1786086000,OK,
2026-08-11T21:33:43.014657,8213,PTM61471,1786089600,OK,
2026-08-11T21:33:43.217967,8213,PTM61471,1786093200,OK,
2026-08-11T21:33:43.426496,8213,PTM61471,1786096800,OK,
2026-08-11T21:33:43.620062,8213,PTM61471,1786100400,OK,
2026-08-11T21:33:43.910604,8213,PTM61471,1786104000,OK,
2026-08-11T21:33:44.173623,8213,PTM61471,1786107600,OK,
2026-08-11T21:33:44.386753,8213,PTM61471,1786111200,OK,
2026-08-11T21:33:44.549717,8213,PTM61471,1786114800,OK,
2026-08-11T21:33:44.708143,8213,PTM61471,1786118400,OK,
2026-08-11T21:33:44.861669,8213,PTM61471,1786122000,OK,
2026-08-11T21:33:45.015217,8213,PTM61471,1786172400,OK,
2026-08-11T21:33:45.205224,8213,PTM61471,1786176000,OK,
2026-08-11T21:33:45.373108,8213,PTM61471,1786179600,OK,
2026-08-11T21:33:45.539627,8213,PTM61471,1786183200,OK,
2026-08-11T21:33:45.703259,8213,PTM61471,1786186800,OK,
2026-08-11T21:33:45.865598,8213,PTM61471,1786190400,OK,
2026-08-11T21:33:46.031931,8213,PTM61471,1786194000,OK,
2026-08-11T21:33:46.197280,8213,PTM61471,1786197600,OK,
2026-08-11T21:33:46.363257,8213,PTM61471,1786201200,OK,
2026-08-11T21:33:46.521955,8213,PTM61471,1786204800,OK,
2026-08-11T21:33:46.683642,8213,PTM61471,1786208400,OK,
2026-08-11T21:33:46.836691,8213,PTM61471,1786258800,OK,
2026-08-11T21:33:47.007028,8213,PTM61471,1786262400,OK,
2026-08-11T21:33:47.203011,8213,PTM61471,1786266000,OK,
2026-08-11T21:33:47.399334,8213,PTM61471,1786269600,OK,
2026-08-11T21:33:47.590955,8213,PTM61471,1786273200,OK,
2026-08-11T21:33:47.883773,8213,PTM61471,1786276800,OK,
2026-08-11T21:33:48.117981,8213,PTM61471,1786280400,OK,
2026-08-11T21:33:48.310158,8213,PTM61471,1786284000,OK,
2026-08-11T21:33:48.475888,8213,PTM61471,1786287600,OK,
2026-08-11T21:33:48.641092,8213,PTM61471,1786291200,OK,
2026-08-11T21:33:48.797187,8213,PTM61471,1786294800,OK,
2026-08-11T21:33:48.958589,8213,PTM61471,1786345200,OK,
2026-08-11T21:33:49.114128,8213,PTM61471,1786348800,OK,
2026-08-11T21:33:49.264472,8213,PTM61471,1786352400,OK,
2026-08-11T21:33:49.420997,8213,PTM61471,1786356000,OK,
2026-08-11T21:33:49.577492,8213,PTM61471,1786359600,OK,
2026-08-11T21:33:49.734783,8213,PTM61471,1786363200,OK,
2026-08-11T21:33:49.884509,8213,PTM61471,1786366800,OK,
2026-08-11T21:33:50.039017,8213,PTM61471,1786370400,OK,
2026-08-11T21:33:50.225236,8213,PTM61471,1786374000,OK,
2026-08-11T21:33:50.386726,8213,PTM61471,1786377600,OK,
2026-08-11T21:33:50.539464,8213,PTM61471,1786381200,OK,
2026-08-11T21:33:50.690145,8213,PTM61471,1786431600,OK,
2026-08-11T21:33:50.841873,8213,PTM61471,1786435200,OK,
2026-08-11T21:33:51.007725,8213,PTM61471,1786438800,OK,
2026-08-11T21:33:51.170677,8213,PTM61471,1786442400,OK,
2026-08-11T21:33:51.319100,8213,PTM61471,1786446000,OK,
2026-08-11T21:33:51.477838,8213,PTM61471,1786449600,OK,
2026-08-11T21:33:51.633823,8213,PTM61471,1786453200,OK,
2026-08-11T21:33:51.785839,8213,PTM61471,1786456800,OK,
2026-08-11T21:33:51.941607,8213,PTM61471,1786460400,OK,
2026-08-11T21:33:52.091748,8213,PTM61471,1786464000,OK,
2026-08-11T21:33:52.242221,8213,PTM61471,1786467600,OK,
